Title,Tags,PublishedAt,ViewsCount,LikesCount,FavouriteCount,CommentsCount
How he grabbed OFF-Campus Internship at Goldman Sachs ? Key Interview learnings with Shradha ma'am,"['C++', 'C++ coding', 'C++ full course', 'C++ placement course', 'how to code', 'programming', 'college placement course', 'C++ language', 'java', 'java language', 'java full course', 'java placement', 'java code', 'java coding']",2025-06-06 16:51:28+00:00,75144,2884,0,270
What are the best Projects for Placements & Internships that will get you Hired?,"['C++', 'C++ coding', 'C++ full course', 'C++ placement course', 'how to code', 'programming', 'college placement course', 'C++ language', 'java', 'java language', 'java full course', 'java placement', 'java code', 'java coding']",2025-06-03 17:47:42+00:00,271025,11464,0,430
How this 3rd year student got selected in Google ? Core branch student,"['C++', 'C++ coding', 'C++ full course', 'C++ placement course', 'how to code', 'programming', 'college placement course', 'C++ language', 'java', 'java language', 'java full course', 'java placement', 'java code', 'java coding']",2025-05-29 16:00:52+00:00,84146,2926,0,211
Complete Placement Preparation: Full Web Development + DSA + Aptitude | New Sigma 8.0 üöÄ,"['C++', 'C++ coding', 'C++ full course', 'C++ placement course', 'how to code', 'programming', 'college placement course', 'C++ language', 'java', 'java language', 'java full course', 'java placement', 'java code', 'java coding']",2025-05-24 15:29:54+00:00,224904,6516,0,1127
"WAKE UP CALL for 1st, 2nd year students - Know what's your Goal","['C++', 'C++ coding', 'C++ full course', 'C++ placement course', 'how to code', 'programming', 'college placement course', 'C++ language', 'java', 'java language', 'java full course', 'java placement', 'java code', 'java coding']",2025-04-03 16:52:00+00:00,612443,35526,0,1289
How this Core branch student with just 6.5 CGPA got 27 lakhs Tech Placement at JusPay?,"['C++', 'C++ coding', 'C++ full course', 'C++ placement course', 'how to code', 'programming', 'college placement course', 'C++ language', 'java', 'java language', 'java full course', 'java placement', 'java code', 'java coding']",2025-02-10 17:12:57+00:00,102596,3582,0,208
Shradha Khapra Ma'am invited their selected students for Interviewsü™¥,,2025-02-10 14:54:01+00:00,237349,11254,0,101
Google Intern : Importance of Projects,,2025-01-20 09:33:16+00:00,191290,11292,0,31
Google Interview process. Shivam is our Alpha student who cracked Google.,,2025-01-11 14:43:49+00:00,254881,14933,0,53
Naman is our student who cracked Goldman Sachs. Complete Interview is available on Apna College,,2025-01-10 05:29:34+00:00,978578,47031,0,110
How this student got Amazon via Off-Campus Hackathon | from Tier 2/3 | Interview lessons with Ma'am,"['C++', 'C++ coding', 'C++ full course', 'C++ placement course', 'how to code', 'programming', 'college placement course', 'C++ language', 'java', 'java language', 'java full course', 'java placement', 'java code', 'java coding']",2025-01-08 15:56:07+00:00,136752,4920,0,253
Complete Placement Preparation : Full Stack Web Development + Java DSA + Aptitude | New Sigma 6.0 üöÄ,"['C++', 'C++ coding', 'C++ full course', 'C++ placement course', 'how to code', 'programming', 'college placement course', 'C++ language', 'java', 'java language', 'java full course', 'java placement', 'java code', 'java coding']",2024-12-21 15:28:28+00:00,406589,9488,0,1444
Recursion Part 3 : Backtracking in Detail | Print all Subsets | Subsets II,"['C++', 'C++ coding', 'C++ full course', 'C++ placement course', 'how to code', 'programming', 'college placement course', 'C++ language', 'java', 'java language', 'java full course', 'java placement', 'java code', 'java coding']",2024-11-27 14:38:58+00:00,72455,1553,0,133
Subarray Sum Equals K | Brute-Better-Optimal approach,"['C++', 'C++ coding', 'C++ full course', 'C++ placement course', 'how to code', 'programming', 'college placement course', 'C++ language', 'java', 'java language', 'java full course', 'java placement', 'java code', 'java coding']",2024-11-19 15:44:14+00:00,70650,1623,0,136
Web Development Complete RoadMap for 2025 | from Basics to Advanced,"['C++', 'C++ coding', 'C++ full course', 'C++ placement course', 'how to code', 'programming', 'college placement course', 'C++ language', 'java', 'java language', 'java full course', 'java placement', 'java code', 'java coding']",2024-11-17 16:26:04+00:00,1325493,49945,0,1826
Interview lessons & learnings - by Shradha Ma‚Äôam,,2024-11-08 14:48:47+00:00,92657,3682,0,44
Search a 2D Matrix - Variation I & II | 2D Arrays - Part 2 | DSA Series by Shradha Ma'am,"['C++', 'C++ coding', 'C++ full course', 'C++ placement course', 'how to code', 'programming', 'college placement course', 'C++ language', 'java', 'java language', 'java full course', 'java placement', 'java code', 'java coding']",2024-11-04 15:45:16+00:00,55471,1436,0,177
2nd year student cracks Paypal | Off-Campus selection | + PPI,"['C++', 'C++ coding', 'C++ full course', 'C++ placement course', 'how to code', 'programming', 'college placement course', 'C++ language', 'java', 'java language', 'java full course', 'java placement', 'java code', 'java coding']",2024-10-19 16:05:23+00:00,304717,11179,0,584
Strings & Character Arrays in C++  -  Part 1 | DSA Placement Series,"['C++', 'C++ coding', 'C++ full course', 'C++ placement course', 'how to code', 'programming', 'college placement course', 'C++ language', 'java', 'java language', 'java full course', 'java placement', 'java code', 'java coding']",2024-10-18 16:02:49+00:00,153793,3391,0,274
C++ STL Complete Tutorial | Standard Template Library - One Shot,"['C++', 'C++ coding', 'C++ full course', 'C++ placement course', 'how to code', 'programming', 'college placement course', 'C++ language', 'java', 'java language', 'java full course', 'java placement', 'java code', 'java coding']",2024-10-15 15:33:41+00:00,253150,5010,0,409
Merge Sorted Arrays Problem and Next Permutation Problem | DSA Series,"['C++', 'C++ coding', 'C++ full course', 'C++ placement course', 'how to code', 'programming', 'college placement course', 'C++ language', 'java', 'java language', 'java full course', 'java placement', 'java code', 'java coding']",2024-10-14 16:26:55+00:00,108941,2428,0,231
"Sorting Algorithms | Bubble Sort, Selection Sort & Insertion Sort | DSA Series by Shradha Ma'am","['C++', 'C++ coding', 'C++ full course', 'C++ placement course', 'how to code', 'programming', 'college placement course', 'C++ language', 'java', 'java language', 'java full course', 'java placement', 'java code', 'java coding']",2024-10-09 16:16:20+00:00,565103,10164,0,377
Single Element in Sorted Array | Binary Search | DSA Series Lecture 20,"['C++', 'C++ coding', 'C++ full course', 'C++ placement course', 'how to code', 'programming', 'college placement course', 'C++ language', 'java', 'java language', 'java full course', 'java placement', 'java code', 'java coding']",2024-10-02 15:30:16+00:00,86888,2393,0,321
Majority Element | Brute- Better-Best Approach | Moore's Voting Algorithm | & Pair Sum,"['C++', 'C++ coding', 'C++ full course', 'C++ placement course', 'how to code', 'programming', 'college placement course', 'C++ language', 'java', 'java language', 'java full course', 'java placement', 'java code', 'java coding']",2024-09-16 16:05:59+00:00,264733,5107,0,595
Array Data Structure - Part1 | DSA Series by Shradha Khapra Ma'am | C++,"['C++', 'C++ coding', 'C++ full course', 'C++ placement course', 'how to code', 'programming', 'college placement course', 'C++ language', 'java', 'java language', 'java full course', 'java placement', 'java code', 'java coding']",2024-09-11 15:45:45+00:00,669523,10570,0,1087
Binary Number System | DSA Series by Shradha Khapra Ma'am | C++,"['C++', 'C++ coding', 'C++ full course', 'C++ placement course', 'how to code', 'programming', 'college placement course', 'C++ language', 'java', 'java language', 'java full course', 'java placement', 'java code', 'java coding']",2024-09-08 15:44:01+00:00,405746,8802,0,1123
Lecture 4: Patterns | DSA Series by Shradha Khapra Ma'am | C++,"['C++', 'C++ coding', 'C++ full course', 'C++ placement course', 'how to code', 'programming', 'college placement course', 'C++ language', 'java', 'java language', 'java full course', 'java placement', 'java code', 'java coding']",2024-09-05 15:40:03+00:00,717257,11564,0,1777
What is the future of Software Engineering in next 5 years?,"['C++', 'C++ coding', 'C++ full course', 'C++ placement course', 'how to code', 'programming', 'college placement course', 'C++ language', 'java', 'java language', 'java full course', 'java placement', 'java code', 'java coding']",2024-08-23 16:30:12+00:00,639379,26158,0,1304
Tech MasterClass with CTOs | Angle One CTO & Shradha Khapra Ma'am,"['C++', 'C++ coding', 'C++ full course', 'C++ placement course', 'how to code', 'programming', 'college placement course', 'C++ language', 'java', 'java language', 'java full course', 'java placement', 'java code', 'java coding']",2024-08-18 15:43:30+00:00,59515,1929,0,174
How he cracked 6 month Internship + Job Offer from Tier 3 College ? Cisco Ideathon,"['C++', 'C++ coding', 'C++ full course', 'C++ placement course', 'how to code', 'programming', 'college placement course', 'C++ language', 'java', 'java language', 'java full course', 'java placement', 'java code', 'java coding']",2024-05-09 17:29:56+00:00,391797,9814,0,320
Tier 3 to Off Campus Google & Microsoft | How did this student crack both Internships?,"['C++', 'C++ coding', 'C++ full course', 'C++ placement course', 'how to code', 'programming', 'college placement course', 'C++ language', 'java', 'java language', 'java full course', 'java placement', 'java code', 'java coding']",2024-04-27 17:04:45+00:00,676609,20303,0,718
Bringing Complete Placement Course  : C++ & Data Structures & Algorithms  | in 4 Months,"['C++', 'C++ coding', 'C++ full course', 'C++ placement course', 'how to code', 'programming', 'college placement course', 'C++ language', 'java', 'java language', 'java full course', 'java placement', 'java code', 'java coding']",2024-03-21 15:49:26+00:00,221878,9550,0,1027
Launching New Complete Placement Cohort ‚ù§Ô∏è| Web Development + Complete DSA | New SIGMA Batch,"['C++', 'C++ coding', 'C++ full course', 'C++ placement course', 'how to code', 'programming', 'college placement course', 'C++ language', 'java', 'java language', 'java full course', 'java placement', 'java code', 'java coding']",2024-01-27 16:38:32+00:00,195536,8402,0,1087
5 Best Websites to find Jobs and Internships in 2024 | Software Engineering,"['C++', 'C++ coding', 'C++ full course', 'C++ placement course', 'how to code', 'programming', 'college placement course', 'C++ language', 'java', 'java language', 'java full course', 'java placement', 'java code', 'java coding']",2024-01-07 14:56:18+00:00,586949,23165,0,593
How to make Ultimate Resume ? Step by step guide for Software Engineers,"['C++', 'C++ coding', 'C++ full course', 'C++ placement course', 'how to code', 'programming', 'college placement course', 'C++ language', 'java', 'java language', 'java full course', 'java placement', 'java code', 'java coding']",2023-11-15 16:42:57+00:00,913741,23357,0,445
How to Improve English Speaking for Interviews ? 5 Easy Tips,"['C++', 'C++ coding', 'C++ full course', 'C++ placement course', 'how to code', 'programming', 'college placement course', 'C++ language', 'java', 'java language', 'java full course', 'java placement', 'java code', 'java coding']",2023-09-20 17:28:37+00:00,2073051,90921,0,1493
Interview Question | C Programming Language,,2023-09-19 15:09:41+00:00,3755461,253464,0,1394
Aptitude Question Round | TCS,"['C++', 'C++ coding', 'C++ full course', 'C++ placement course', 'how to code', 'programming', 'college placement course', 'C++ language', 'java', 'java language', 'java full course', 'java placement', 'java code', 'java coding']",2023-09-14 16:07:49+00:00,2683020,146827,0,2546
Complete Git and GitHub Tutorial for Beginners,"['C++', 'C++ coding', 'C++ full course', 'C++ placement course', 'how to code', 'programming', 'college placement course', 'C++ language', 'java', 'java language', 'java full course', 'java placement', 'java code', 'java coding']",2023-08-24 16:49:21+00:00,4643077,94371,0,3391
SQL - Complete Course in 3 Hours | SQL One Shot using MySQL,"['C++', 'C++ coding', 'C++ full course', 'C++ placement course', 'how to code', 'programming', 'college placement course', 'C++ language', 'java', 'java language', 'java full course', 'java placement', 'java code', 'java coding']",2023-08-18 17:38:13+00:00,12936051,196812,0,6953
How many Coding languages needed for Internship/Placement as Software Engineer in Top Companies?,,2023-07-23 17:46:18+00:00,2541508,225201,0,450
How I would Code if I get back in 1st year of College? Software Development Placement | RoadMap,"['C++', 'C++ coding', 'C++ full course', 'C++ placement course', 'how to code', 'programming', 'college placement course', 'C++ language', 'java', 'java language', 'java full course', 'java placement', 'java code', 'java coding']",2023-07-08 17:28:10+00:00,904815,49573,0,2027
How to become a UI UX Designer?,"['C++', 'C++ coding', 'C++ full course', 'C++ placement course', 'how to code', 'programming', 'college placement course', 'C++ language', 'java', 'java language', 'java full course', 'java placement', 'java code', 'java coding']",2023-05-11 15:31:17+00:00,2572667,187614,0,527
Shradha Khapra Ma'am at Thapar University,,2023-04-23 17:03:38+00:00,556419,36823,0,140
Should you do BCA in 2024? All about BCA,"['C++', 'C++ coding', 'C++ full course', 'C++ placement course', 'how to code', 'programming', 'college placement course', 'C++ language', 'java', 'java language', 'java full course', 'java placement', 'java code', 'java coding']",2023-04-16 10:42:39+00:00,2117042,84208,0,5861
One Thing to Increase your Confidence,"['C++', 'C++ coding', 'C++ full course', 'C++ placement course', 'how to code', 'programming', 'college placement course', 'C++ language', 'java', 'java language', 'java full course', 'java placement', 'java code', 'java coding']",2023-04-14 15:47:11+00:00,247344,28798,0,102
Java or C++ or Python | Which language is best for Placements?,"['C++', 'C++ coding', 'C++ full course', 'C++ placement course', 'how to code', 'programming', 'college placement course', 'C++ language', 'java', 'java language', 'java full course', 'java placement', 'java code', 'java coding']",2023-04-10 17:52:01+00:00,1410174,45241,0,1752
